,text,likes,reposts,views
0,üéô–û—Ç–≤–µ—Ç —Å—Ç–∞—Ä–∏–∫—É –®–∞—Ä–∏—é / –¢–µ—Ä–∞–∫—Ç –≤ –ü–∏—Ç–µ—Ä–µ / –Ø–¥–µ—Ä–Ω–æ–µ –æ—Ä—É–∂–∏–µ –≤ –ë–µ–ª–æ—Ä—É—Å—Å–∏–∏ ‚Äì [–ß–ó–ü #47],4791,1250,134467
1,"–ù–µ –∑–∞–±—É–¥—å—Ç–µ –ø–æ–¥–ø–∏—Å–∞—Ç—å—Å—è, —ç—Ç–æ –º–æ–π –ø—Ä–æ–µ–∫—Ç. 
–ê —Ç—É—Ç –≤—ã–ø—É—Å–∫ –≤ –∫–æ—Ç–æ—Ä–æ–º –æ–¥–∏–Ω –∏–∑ –æ—Ç—Ü–æ–≤ –Ø–Ω–¥–µ–∫—Å–∞ –Ω–∞–∑–≤–∞–ª –º–µ–Ω—è –ø—Ä–µ–¥–∞—Ç–µ–ª–µ–º —Ä–æ–¥–∏–Ω—ã –∏ —É—à–µ–ª —Å –∏–Ω—Ç–µ—Ä–≤—å—é.",1853,487,69253
2,–¢–æ—Ç–∞–ª–∏—Ç–∞—Ä–Ω–∞—è –°–µ–≤–µ—Ä–Ω–∞—è –ö–æ—Ä–µ—è!,11347,4558,200088
3,–°—Ç–∞—Å Live #4 ‚Äì –¢–µ—Ä—Ä–∞–∫—Ç –≤ –ü–∏—Ç–µ—Ä–µ / –£–±–∏–π—Å—Ç–≤–æ –í–ª–∞–¥–ª–µ–Ω–∞ –¢–∞—Ç–∞—Ä—Å–∫–æ–≥–æ,6229,1103,198165
4,"–†–æ—Å—Å–∏—è ‚Äì –∏–º–ø–µ—Ä–∏–∞–ª–∏—Å—Ç?  / –†–∞–∑–±–∏—Ä–∞–µ–º —Ç–µ–∑–∏—Å—ã –°—ë–º–∏–Ω–∞, –†—É–¥–æ–≥–æ –∏ –ö–æ–º–æ–ª–æ–≤–∞!",7915,1613,340181
5,–°—Ç–∞—Å Live #3 ‚Äì –ó–∞–∫–æ–Ω –æ–± –∏–Ω–æ–∞–≥–µ–Ω—Ç–∞—Ö –†–§!,6663,944,259348
6,"–í—ã—Å—Ç—É–ø–∏–ª —Ç—É—Ç —á—É—Ç—å-—á—É—Ç—å!
–ü–æ–æ–±—â–∞–ª–∏—Å—å —Å–æ —Å—Ç—É–¥–µ–Ω—Ç–∞–º–∏ –æ–±–æ –≤—Å—è–∫–æ–º –∏ –≤–ø–µ—Ä–≤—ã–µ –≤—Å—Ç—Ä–µ—Ç–∏–ª —Å–≤–æ–µ–≥–æ —Ö–µ–π—Ç–µ—Ä–∞ –≤ –∂–∏–≤—É—é.",2446,554,152413
7,üéô–ü—É—Ç–∏–Ω –≤ –ì–∞–∞–≥–µ / –¢—Ä–∞–º–ø–∞ –ü–æ—Å–∞–¥–∏–ª–∏ / –ê—Ä—Ç–µ–º–∏—è –õ–µ–±–µ–¥–µ–≤–∞ —Å–∞–∂–∞—é—Ç,7601,1339,201755
8,üéô–í–ª–∞–¥–∏–º–∏—Ä –°–æ–ª–æ–≤—å–µ–≤ –∏ –°—Ç–∞—Å –ø—Ä–æ –ª–∏–±–µ—Ä–∞–ª–æ–≤ –∏ –∫–æ–º–º—É–Ω–∏—Å—Ç–æ–≤,9898,2633,260213
9,"–†—ã–Ω–æ—á–µ–∫ –ø–æ—Ä–µ—à–∞–µ—Ç? - –ê–Ω—Ç–æ–Ω–æ–≤, —Ç–∞–∫–æ–π –ê–Ω—Ç–æ–Ω–æ–≤",7917,1286,302980
10,–°–¢–ê–° LIVE #2 ‚Äì –®–∫–æ–ª–∞ —Å–æ—Ü–∏–∞–ª–∏–∑–º–∞!,9952,1609,271530
11,üéô–ë–∞–Ω–∫—Ä–æ—Ç—Å—Ç–≤–æ –±–∞–Ω–∫–æ–≤ // –ó–∞–±–∞—Å—Ç–æ–≤–∫–∞ Wilberries // –ü–æ—Å–ª–µ–¥–Ω–∏–π —Ñ–∏–ª—å–º –¢–∞—Ä–∞–Ω—Ç–∏–Ω–æ,9553,1428,242506
12,–£–∂–∞—Å–∞—é—â–∞—è –∏—Å—Ç–æ—Ä–∏—è –ü–µ—Ä–≤–æ–π –ß–µ—á–µ–Ω—Å–∫–æ–π –≤–æ–π–Ω—ã!,16424,4685,349791
13,"–ü–µ—Ä–≤—ã–π –º–æ–π —ç—Ñ–∏—Ä. –Ø –æ—á–µ–Ω—å –≤–æ–ª–Ω–æ–≤–∞–ª—Å—è.

–ù–æ –±–ª—è—Ç—å, –≥–∞—Å–∏—Ç—å –ø—Ä—è–º–æ –Ω–∞ —Ç–µ–ª–∏–∫–µ –ø—Ä–æ–ø–∞–≥–∞–Ω–¥–æ–Ω–æ–≤, –ª–∂–µ—Ü–æ–≤ –∏ –¥–æ–Ω–æ—Å–∏—Ç—å –∏–¥–µ–∏ –õ–µ–Ω–∏–Ω–∞ –∏ –ú–∞—Ä–∫—Å–∞, –∫—Ç–æ, –±–ª—è—Ç—å —Ç–∞–∫–æ–µ –µ—â–µ –¥–µ–ª–∞–ª?

–ê —â–∞—Å –µ—â–µ –≤–∏–¥–µ—Ç—å –∑–∞—Ä–µ–≤–æ –ø–æ –≤—Å–µ–º—É –∏–Ω–µ—Ç—É. –°–ª–µ–¥—É—é—â–∏–µ —ç—Ñ–∏—Ä—ã –±—É–¥—É—Ç –µ—â–µ –∫—Ä—É—á–µ. 
–ü–æ –í–æ—Å–∫—Ä–µ—Å–µ–Ω—å—è–º –≤ 18:00 

–°–ø–∞—Å–∏–±–æ –≤–∞–º –∑–∞ –ø–æ–¥–¥–µ—Ä–∂–∫—É. –ß—Ç–æ –±—ã —Ç–∞–º –Ω–µ –ø–∏–∑–¥–µ–ª–∏ –ø—Å–µ–≤–¥–æ–∫–æ–º–º—É–Ω–∏—Å—Ç—ã –∏ –ª–∏–±–µ—Ä–¥–∞, —è –≤–µ—Ä—é, —á—Ç–æ —Å–º–æ–≥—É –∏–∑–º–µ–Ω–∏—Ç—å –†–æ—Å—Å–∏–π—Å–∫–æ–µ —Ç–≤ –∫ –ª—É—á—à–µ–º—É or die trying.

–í–ø–µ—Ä–µ–¥–∏ –ø–æ–¥–∫–∞—Å—Ç—ã, —ç—Ñ–∏—Ä—ã, –¥–æ–∫—É–º–µ–Ω—Ç–∞–ª—å–Ω—ã–µ —Ñ–∏–ª—å–º—ã –∏ –Ω–æ–≤–æ—Å—Ç–∏.",14899,4240,340588
14,,7802,1504,267450
15,,4086,864,198472
16,–õ–ï–ë–ï–î–ï–í –ò –í–ê–°–ò–õ–¨–ï–í ‚Äì 2 –ü–†–û–ü–ê–ì–ê–ù–î–ò–°–¢–ê –ö–†–ï–ú–õ–Ø,13992,3384,257906
17,,7979,1503,243386
18,,7852,1967,245503
19,,9083,1719,346906
